"time (m)","v","wh"
0,48.69,0
  0.01,47.68,   0.0
  0.02,47.67,   0.0
  0.03,47.64,   0.1
  0.04,47.62,   0.1
  0.05,47.61,   0.1
  0.06,47.59,   0.1
  0.07,47.58,   0.2
  0.08,47.57,   0.2
  0.09,47.56,   0.2
  0.11,47.54,   0.3
  0.13,47.52,   0.3
  0.14,47.51,   0.3
  0.15,47.50,   0.3
  0.16,47.49,   0.4
  0.17,47.48,   0.4
  0.19,47.47,   0.4
  0.20,47.46,   0.5
  0.21,47.45,   0.5
  0.22,47.44,   0.5
  0.23,47.43,   0.5
  0.24,47.42,   0.6
  0.25,47.41,   0.6
  0.27,47.40,   0.6
  0.28,47.39,   0.6
  0.29,47.38,   0.7
  0.31,47.36,   0.7
  0.32,47.35,   0.8
  0.34,47.34,   0.8
  0.35,47.33,   0.8
  0.37,47.32,   0.9
  0.38,47.31,   0.9
  0.40,47.30,   0.9
  0.41,47.29,   1.0
  0.42,47.28,   1.0
  0.45,47.27,   1.1
  0.46,47.26,   1.1
  0.47,47.25,   1.1
  0.49,47.24,   1.1
  0.50,47.23,   1.2
  0.52,47.22,   1.2
  0.54,47.21,   1.3
  0.55,47.20,   1.3
  0.56,47.19,   1.3
  0.57,47.18,   1.3
  0.59,47.17,   1.4
  0.60,47.16,   1.4
  0.63,47.15,   1.5
  0.65,47.14,   1.5
  0.66,47.13,   1.5
  0.68,47.12,   1.6
  0.70,47.11,   1.6
  0.70,47.10,   1.6
  0.72,47.09,   1.7
  0.74,47.08,   1.7
  0.75,47.07,   1.8
  0.76,47.06,   1.8
  0.78,47.05,   1.8
  0.80,47.04,   1.9
  0.82,47.03,   1.9
  0.84,47.02,   2.0
  0.85,47.01,   2.0
  0.87,47.00,   2.0
  0.89,46.99,   2.1
  0.91,46.98,   2.1
  0.93,46.97,   2.1
  0.95,46.96,   2.2
  0.97,46.95,   2.2
  0.99,46.94,   2.3
  1.01,46.93,   2.3
  1.03,46.92,   2.4
  1.04,46.91,   2.4
  1.06,46.90,   2.4
  1.08,46.89,   2.5
  1.09,46.88,   2.5
  1.12,46.87,   2.6
  1.14,46.86,   2.6
  1.16,46.85,   2.7
  1.18,46.84,   2.7
  1.19,46.83,   2.8
  1.21,46.82,   2.8
  1.22,46.81,   2.8
  1.24,46.80,   2.9
  1.26,46.79,   2.9
  1.28,46.78,   3.0
  1.30,46.77,   3.0
  1.33,46.76,   3.1
  1.34,46.75,   3.1
  1.36,46.74,   3.1
  1.39,46.73,   3.2
  1.41,46.72,   3.2
  1.42,46.71,   3.3
  1.45,46.70,   3.3
  1.48,46.69,   3.4
  1.49,46.68,   3.4
  1.52,46.67,   3.5
  1.53,46.66,   3.5
  1.57,46.65,   3.6
  1.59,46.64,   3.6
  1.61,46.63,   3.7
  1.62,46.62,   3.7
  1.64,46.61,   3.8
  1.67,46.60,   3.8
  1.69,46.59,   3.9
  1.72,46.58,   3.9
  1.73,46.57,   4.0
  1.75,46.56,   4.0
  1.77,46.55,   4.0
  1.79,46.54,   4.1
  1.81,46.53,   4.1
  1.84,46.52,   4.2
  1.86,46.51,   4.3
  1.89,46.50,   4.3
  1.92,46.49,   4.4
  1.94,46.48,   4.4
  1.95,46.47,   4.4
  1.97,46.46,   4.5
  2.00,46.45,   4.6
  2.03,46.44,   4.6
  2.04,46.43,   4.7
  2.07,46.42,   4.7
  2.09,46.41,   4.8
  2.11,46.40,   4.8
  2.14,46.39,   4.9
  2.16,46.38,   4.9
  2.18,46.37,   5.0
  2.20,46.36,   5.0
  2.23,46.35,   5.1
  2.26,46.34,   5.1
  2.29,46.33,   5.2
  2.31,46.32,   5.3
  2.34,46.31,   5.3
  2.35,46.30,   5.3
  2.39,46.29,   5.4
  2.41,46.28,   5.5
  2.44,46.27,   5.5
  2.46,46.26,   5.6
  2.48,46.25,   5.6
  2.50,46.24,   5.7
  2.53,46.23,   5.8
  2.56,46.22,   5.8
  2.58,46.21,   5.9
  2.60,46.20,   5.9
  2.63,46.19,   6.0
  2.66,46.18,   6.0
  2.68,46.17,   6.1
  2.71,46.16,   6.1
  2.73,46.15,   6.2
  2.75,46.14,   6.2
  2.79,46.13,   6.3
  2.81,46.12,   6.4
  2.84,46.11,   6.4
  2.87,46.10,   6.5
  2.88,46.09,   6.5
  2.91,46.08,   6.6
  2.94,46.07,   6.6
  2.96,46.06,   6.7
  2.99,46.05,   6.7
  3.02,46.04,   6.8
  3.05,46.03,   6.9
  3.07,46.02,   6.9
  3.09,46.01,   7.0
  3.13,46.00,   7.1
  3.15,45.99,   7.1
  3.16,45.98,   7.1
  3.20,45.97,   7.2
  3.22,45.96,   7.3
  3.25,45.95,   7.3
  3.27,45.94,   7.4
  3.31,45.93,   7.5
  3.33,45.92,   7.5
  3.37,45.91,   7.6
  3.40,45.90,   7.6
  3.42,45.89,   7.7
  3.45,45.88,   7.8
  3.47,45.87,   7.8
  3.50,45.86,   7.9
  3.53,45.85,   7.9
  3.56,45.84,   8.0
  3.58,45.83,   8.0
  3.61,45.82,   8.1
  3.63,45.81,   8.1
  3.67,45.80,   8.2
  3.70,45.79,   8.3
  3.71,45.78,   8.3
  3.76,45.77,   8.4
  3.78,45.76,   8.5
  3.79,45.75,   8.5
  3.83,45.74,   8.6
  3.86,45.73,   8.7
  3.88,45.72,   8.7
  3.90,45.71,   8.7
  3.94,45.70,   8.8
  3.97,45.69,   8.9
  4.01,45.68,   9.0
  4.03,45.67,   9.0
  4.07,45.66,   9.1
  4.10,45.65,   9.2
  4.11,45.64,   9.2
  4.14,45.63,   9.3
  4.17,45.62,   9.3
  4.21,45.61,   9.4
  4.23,45.60,   9.4
  4.27,45.59,   9.5
  4.29,45.58,   9.6
  4.33,45.57,   9.7
  4.35,45.56,   9.7
  4.39,45.55,   9.8
  4.41,45.54,   9.8
  4.43,45.53,   9.9
  4.47,45.52,  10.0
  4.50,45.51,  10.0
  4.52,45.50,  10.1
  4.56,45.49,  10.2
  4.59,45.48,  10.2
  4.62,45.47,  10.3
  4.63,45.46,  10.3
  4.70,45.45,  10.5
  4.72,45.44,  10.5
  4.74,45.43,  10.5
  4.78,45.42,  10.6
  4.81,45.41,  10.7
  4.84,45.40,  10.8
  4.87,45.39,  10.8
  4.89,45.38,  10.9
  4.92,45.37,  10.9
  4.97,45.36,  11.0
  4.98,45.35,  11.1
  5.03,45.34,  11.2
  5.05,45.33,  11.2
  5.08,45.32,  11.3
  5.11,45.31,  11.3
  5.14,45.30,  11.4
  5.18,45.29,  11.5
  5.19,45.28,  11.5
  5.22,45.27,  11.6
  5.27,45.26,  11.7
  5.29,45.25,  11.7
  5.32,45.24,  11.8
  5.37,45.23,  11.9
  5.39,45.22,  11.9
  5.41,45.21,  12.0
  5.47,45.20,  12.1
  5.48,45.19,  12.1
  5.52,45.18,  12.2
  5.55,45.17,  12.3
  5.60,45.16,  12.4
  5.62,45.15,  12.4
  5.66,45.14,  12.5
  5.68,45.13,  12.5
  5.71,45.12,  12.6
  5.74,45.11,  12.7
  5.76,45.10,  12.7
  5.80,45.09,  12.8
  5.83,45.08,  12.9
  5.88,45.07,  13.0
  5.90,45.06,  13.0
  5.95,45.05,  13.1
  5.97,45.04,  13.1
  5.99,45.03,  13.2
  6.04,45.02,  13.3
  6.07,45.01,  13.4
  6.12,45.00,  13.5
  6.14,44.99,  13.5
  6.17,44.98,  13.6
  6.20,44.97,  13.6
  6.22,44.96,  13.7
  6.26,44.95,  13.8
  6.28,44.94,  13.8
  6.33,44.93,  13.9
  6.36,44.92,  14.0
  6.39,44.91,  14.0
  6.44,44.90,  14.1
  6.47,44.89,  14.2
  6.49,44.88,  14.2
  6.51,44.87,  14.3
  6.56,44.86,  14.4
  6.57,44.85,  14.4
  6.62,44.84,  14.5
  6.66,44.83,  14.6
  6.69,44.82,  14.6
  6.73,44.81,  14.7
  6.76,44.80,  14.8
  6.78,44.79,  14.8
  6.82,44.78,  14.9
  6.86,44.77,  15.0
  6.88,44.76,  15.1
  6.91,44.75,  15.1
  6.95,44.74,  15.2
  6.99,44.73,  15.3
  7.02,44.72,  15.3
  7.05,44.71,  15.4
  7.10,44.70,  15.5
  7.12,44.69,  15.5
  7.16,44.68,  15.6
  7.20,44.67,  15.7
  7.24,44.66,  15.8
  7.25,44.65,  15.8
  7.30,44.64,  15.9
  7.34,44.63,  16.0
  7.37,44.62,  16.1
  7.39,44.61,  16.1
  7.42,44.60,  16.2
  7.45,44.59,  16.2
  7.48,44.58,  16.3
  7.52,44.57,  16.4
  7.58,44.56,  16.5
  7.61,44.55,  16.6
  7.63,44.54,  16.6
  7.68,44.53,  16.7
  7.71,44.52,  16.8
  7.74,44.51,  16.8
  7.77,44.50,  16.9
  7.80,44.49,  17.0
  7.86,44.48,  17.1
  7.89,44.47,  17.1
  7.92,44.46,  17.2
  7.95,44.45,  17.3
  7.99,44.44,  17.3
  8.02,44.43,  17.4
  8.06,44.42,  17.5
  8.10,44.41,  17.6
  8.14,44.40,  17.6
  8.15,44.39,  17.7
  8.20,44.38,  17.8
  8.25,44.37,  17.9
  8.28,44.36,  17.9
  8.31,44.35,  18.0
  8.36,44.34,  18.1
  8.38,44.33,  18.1
  8.42,44.32,  18.2
  8.45,44.31,  18.3
  8.49,44.30,  18.3
  8.53,44.29,  18.4
  8.58,44.28,  18.5
  8.60,44.27,  18.6
  8.63,44.26,  18.6
  8.66,44.25,  18.7
  8.69,44.24,  18.8
  8.74,44.23,  18.9
  8.76,44.22,  18.9
  8.83,44.21,  19.0
  8.85,44.20,  19.1
  8.89,44.19,  19.2
  8.94,44.18,  19.3
  8.97,44.17,  19.3
  8.99,44.16,  19.4
  9.04,44.15,  19.5
  9.08,44.14,  19.6
  9.12,44.13,  19.6
  9.16,44.12,  19.7
  9.20,44.11,  19.8
  9.23,44.10,  19.8
  9.28,44.09,  19.9
  9.30,44.08,  20.0
  9.35,44.07,  20.1
  9.39,44.06,  20.2
  9.43,44.05,  20.2
  9.47,44.04,  20.3
  9.51,44.03,  20.4
  9.55,44.02,  20.5
  9.58,44.01,  20.5
  9.62,44.00,  20.6
  9.65,43.99,  20.7
  9.70,43.98,  20.8
  9.73,43.97,  20.9
  9.79,43.96,  21.0
  9.82,43.95,  21.0
  9.86,43.94,  21.1
  9.89,43.93,  21.2
  9.92,43.92,  21.2
  9.98,43.91,  21.3
 10.01,43.90,  21.4
 10.06,43.89,  21.5
 10.10,43.88,  21.6
 10.15,43.87,  21.7
 10.18,43.86,  21.8
 10.22,43.85,  21.8
 10.29,43.84,  22.0
 10.32,43.83,  22.0
 10.37,43.82,  22.1
 10.39,43.81,  22.2
 10.46,43.80,  22.3
 10.49,43.79,  22.4
 10.55,43.78,  22.5
 10.59,43.77,  22.6
 10.62,43.76,  22.6
 10.68,43.75,  22.7
 10.68,43.74,  22.8
 10.75,43.73,  22.9
 10.78,43.72,  22.9
 10.85,43.71,  23.1
 10.89,43.70,  23.2
 10.94,43.69,  23.3
 10.96,43.68,  23.3
 11.01,43.67,  23.4
 11.09,43.66,  23.5
 11.12,43.65,  23.6
 11.17,43.64,  23.7
 11.21,43.63,  23.8
 11.28,43.62,  23.9
 11.31,43.61,  24.0
 11.36,43.60,  24.1
 11.41,43.59,  24.2
 11.43,43.58,  24.2
 11.51,43.57,  24.4
 11.55,43.56,  24.5
 11.58,43.55,  24.5
 11.65,43.54,  24.7
 11.70,43.53,  24.8
 11.75,43.52,  24.9
 11.82,43.51,  25.0
 11.87,43.50,  25.1
 11.91,43.49,  25.2
 11.98,43.48,  25.3
 12.03,43.47,  25.4
 12.06,43.46,  25.5
 12.13,43.45,  25.6
 12.21,43.44,  25.8
 12.24,43.43,  25.8
 12.28,43.42,  25.9
 12.35,43.41,  26.0
 12.40,43.40,  26.1
 12.45,43.39,  26.2
 12.52,43.38,  26.4
 12.59,43.37,  26.5
 12.63,43.36,  26.6
 12.71,43.35,  26.7
 12.76,43.34,  26.8
 12.81,43.33,  26.9
 12.88,43.32,  27.1
 12.93,43.31,  27.1
 13.02,43.30,  27.3
 13.06,43.29,  27.4
 13.14,43.28,  27.6
 13.20,43.27,  27.7
 13.27,43.26,  27.8
 13.32,43.25,  27.9
 13.37,43.24,  28.0
 13.45,43.23,  28.2
 13.53,43.22,  28.3
 13.61,43.21,  28.5
 13.68,43.20,  28.6
 13.74,43.19,  28.7
 13.81,43.18,  28.9
 13.89,43.17,  29.0
 13.99,43.16,  29.2
 13.99,43.15,  29.2
 14.11,43.14,  29.4
 14.18,43.13,  29.6
 14.26,43.12,  29.7
 14.33,43.11,  29.9
 14.41,43.10,  30.0
 14.47,43.09,  30.1
 14.54,43.08,  30.3
 14.65,43.07,  30.5
 14.73,43.06,  30.6
 14.81,43.05,  30.8
 14.89,43.04,  30.9
 14.99,43.03,  31.1
 15.08,43.02,  31.3
 15.20,43.01,  31.5
 15.26,43.00,  31.6
 15.33,42.99,  31.8
 15.45,42.98,  32.0
 15.50,42.97,  32.1
 15.62,42.96,  32.3
 15.71,42.95,  32.5
 15.85,42.94,  32.8
 15.89,42.93,  32.8
 16.01,42.92,  33.1
 16.09,42.91,  33.2
 16.18,42.90,  33.4
 16.29,42.89,  33.6
 16.38,42.88,  33.8
 16.50,42.87,  34.0
 16.62,42.86,  34.2
 16.75,42.85,  34.5
 16.81,42.84,  34.6
 16.93,42.83,  34.8
 17.06,42.82,  35.1
 17.13,42.81,  35.2
 17.29,42.80,  35.5
 17.38,42.79,  35.7
 17.51,42.78,  35.9
 17.62,42.77,  36.1
 17.74,42.76,  36.4
 17.87,42.75,  36.6
 17.99,42.74,  36.8
 18.13,42.73,  37.1
 18.22,42.72,  37.3
 18.42,42.71,  37.6
 18.53,42.70,  37.8
 18.65,42.69,  38.1
 18.82,42.68,  38.4
 19.01,42.67,  38.8
 19.13,42.66,  39.0
 19.22,42.65,  39.1
 19.41,42.64,  39.5
 19.56,42.63,  39.8
 19.68,42.62,  40.0
 19.83,42.61,  40.3
 20.06,42.60,  40.7
 20.20,42.59,  41.0
 20.35,42.58,  41.3
 20.46,42.57,  41.5
 20.66,42.56,  41.9
 20.77,42.55,  42.1
 20.94,42.54,  42.4
 21.13,42.53,  42.7
 21.33,42.52,  43.1
 21.59,42.51,  43.6
 21.69,42.50,  43.8
 21.96,42.49,  44.3
 22.10,42.48,  44.6
 22.24,42.47,  44.8
 22.49,42.46,  45.3
 22.75,42.45,  45.8
 23.01,42.44,  46.3
 23.13,42.43,  46.5
 23.40,42.42,  47.0
 23.56,42.41,  47.3
 23.77,42.40,  47.7
 24.06,42.39,  48.2
 24.29,42.38,  48.6
 24.54,42.37,  49.1
 24.77,42.36,  49.5
 25.10,42.35,  50.1
 25.36,42.34,  50.6
 25.60,42.33,  51.1
 25.94,42.32,  51.7
 26.14,42.31,  52.1
 26.39,42.30,  52.5
 26.61,42.29,  52.9
 27.04,42.28,  53.7
 27.31,42.27,  54.2
 27.67,42.26,  54.9
 28.06,42.25,  55.6
 28.32,42.24,  56.1
 28.66,42.23,  56.7
 28.94,42.22,  57.2
 29.41,42.21,  58.1
 29.73,42.20,  58.7
 30.07,42.19,  59.3
 30.50,42.18,  60.1
 30.95,42.17,  60.9
 31.25,42.16,  61.5
 31.73,42.15,  62.4
 32.01,42.14,  62.9
 32.41,42.13,  63.6
 32.96,42.12,  64.6
 33.33,42.11,  65.3
 33.82,42.10,  66.2
 34.37,42.09,  67.2
 34.96,42.08,  68.3
 35.31,42.07,  68.9
 35.90,42.06,  70.0
 36.45,42.05,  71.0
 36.69,42.04,  71.5
 37.42,42.03,  72.8
 37.78,42.02,  73.5
 38.68,42.01,  75.1
 39.15,42.00,  76.0
 39.88,41.99,  77.3
 40.36,41.98,  78.2
 40.68,41.97,  78.8
 41.54,41.96,  80.3
 42.24,41.95,  81.6
 43.00,41.94,  83.0
 43.46,41.93,  83.8
 44.32,41.92,  85.4
 44.79,41.91,  86.3
 45.56,41.90,  87.6
 45.93,41.89,  88.3
 46.60,41.88,  89.5
 47.23,41.87,  90.7
 47.66,41.86,  91.4
 48.52,41.85,  93.0
 48.90,41.84,  93.7
 49.74,41.83,  95.2
 50.36,41.82,  96.3
 51.19,41.81,  97.8
 51.93,41.80,  99.2
 52.30,41.79,  99.9
 53.13,41.78, 101.4
 53.51,41.77, 102.0
 54.35,41.76, 103.6
 54.97,41.75, 104.7
 55.60,41.74, 105.8
 56.04,41.73, 106.6
 57.01,41.72, 108.4
 57.64,41.71, 109.5
 57.93,41.70, 110.0
 58.75,41.69, 111.5
 59.27,41.68, 112.4
 59.99,41.67, 113.7
 60.72,41.66, 115.0
 61.40,41.65, 116.3
 62.12,41.64, 117.5
 62.60,41.63, 118.4
 63.25,41.62, 119.6
 63.69,41.61, 120.4
 64.58,41.60, 122.0
 65.18,41.59, 123.0
 65.97,41.58, 124.5
 66.34,41.57, 125.1
 67.18,41.56, 126.6
 67.52,41.55, 127.2
 68.41,41.54, 128.8
 69.06,41.53, 130.0
 69.30,41.52, 130.4
 70.15,41.51, 131.9
 70.73,41.50, 132.9
 71.47,41.49, 134.3
 72.09,41.48, 135.4
 72.80,41.47, 136.6
 73.14,41.46, 137.2
 73.72,41.45, 138.3
 74.58,41.44, 139.8
 75.13,41.43, 140.8
 76.02,41.42, 142.4
 76.49,41.41, 143.2
 77.11,41.40, 144.3
 77.57,41.39, 145.1
 78.30,41.38, 146.4
 78.75,41.37, 147.2
 79.47,41.36, 148.5
 80.07,41.35, 149.5
 80.71,41.34, 150.7
 81.47,41.33, 152.0
 81.93,41.32, 152.8
 82.55,41.31, 153.9
 82.98,41.30, 154.7
 83.73,41.29, 156.0
 84.20,41.28, 156.8
 84.64,41.27, 157.6
 85.24,41.26, 158.7
 85.60,41.25, 159.3
 86.36,41.24, 160.6
 86.87,41.23, 161.5
 87.48,41.22, 162.6
 87.86,41.21, 163.3
 88.45,41.20, 164.3
 89.02,41.19, 165.3
 89.44,41.18, 166.0
 90.00,41.17, 167.0
 90.53,41.16, 168.0
 91.13,41.15, 169.0
 91.53,41.14, 169.7
 92.13,41.13, 170.8
 92.36,41.12, 171.2
 92.87,41.11, 172.1
 93.41,41.10, 173.0
 93.64,41.09, 173.4
 94.18,41.08, 174.3
 94.85,41.07, 175.5
 95.28,41.06, 176.3
 95.61,41.05, 176.8
 96.15,41.04, 177.8
 96.52,41.03, 178.4
 96.77,41.02, 178.9
 97.30,41.01, 179.8
 97.64,41.00, 180.4
 98.00,40.99, 181.0
 98.58,40.98, 182.0
 99.09,40.97, 182.9
 99.38,40.96, 183.4
 99.85,40.95, 184.2
100.20,40.94, 184.8
100.44,40.93, 185.3
100.87,40.92, 186.0
101.27,40.91, 186.7
101.73,40.90, 187.5
102.02,40.89, 188.0
102.38,40.88, 188.6
102.72,40.87, 189.2
103.04,40.86, 189.7
103.42,40.85, 190.4
103.79,40.84, 191.0
104.20,40.83, 191.8
104.55,40.82, 192.4
104.97,40.81, 193.1
105.20,40.80, 193.5
105.64,40.79, 194.2
106.03,40.78, 194.9
106.27,40.77, 195.3
106.68,40.76, 196.0
107.01,40.75, 196.6
107.34,40.74, 197.2
107.69,40.73, 197.8
108.04,40.72, 198.3
108.34,40.71, 198.9
108.58,40.70, 199.3
108.84,40.69, 199.7
109.05,40.68, 200.1
109.49,40.67, 200.8
109.79,40.66, 201.3
110.11,40.65, 201.9
110.36,40.64, 202.3
110.66,40.63, 202.8
110.85,40.62, 203.2
111.33,40.61, 204.0
111.55,40.60, 204.4
111.80,40.59, 204.8
111.98,40.58, 205.1
112.36,40.57, 205.7
112.69,40.56, 206.3
112.95,40.55, 206.7
113.30,40.54, 207.3
113.49,40.53, 207.7
113.72,40.52, 208.0
114.05,40.51, 208.6
114.19,40.50, 208.8
114.50,40.49, 209.4
114.68,40.48, 209.7
114.90,40.47, 210.1
115.18,40.46, 210.5
115.48,40.45, 211.0
115.71,40.44, 211.4
115.82,40.43, 211.6
116.17,40.42, 212.2
116.38,40.41, 212.6
116.69,40.40, 213.1
116.82,40.39, 213.3
117.12,40.38, 213.8
117.25,40.37, 214.0
117.56,40.36, 214.6
117.79,40.35, 214.9
117.96,40.34, 215.2
118.19,40.33, 215.6
118.39,40.32, 215.9
118.62,40.31, 216.3
118.83,40.30, 216.7
118.98,40.29, 216.9
119.22,40.28, 217.3
119.46,40.27, 217.8
119.61,40.26, 218.0
119.79,40.25, 218.3
120.02,40.24, 218.7
120.20,40.23, 219.0
120.44,40.22, 219.4
120.53,40.21, 219.5
120.78,40.20, 220.0
120.90,40.19, 220.2
121.06,40.18, 220.4
121.27,40.17, 220.8
121.32,40.16, 220.9
121.60,40.15, 221.3
121.76,40.14, 221.6
121.91,40.13, 221.8
122.06,40.12, 222.1
122.29,40.11, 222.5
122.46,40.10, 222.8
122.57,40.09, 223.0
122.75,40.08, 223.2
122.87,40.07, 223.5
123.04,40.06, 223.7
123.16,40.05, 223.9
123.38,40.04, 224.3
123.51,40.03, 224.5
123.68,40.02, 224.8
123.81,40.01, 225.0
123.93,40.00, 225.2
124.07,39.99, 225.4
124.19,39.98, 225.6
124.37,39.97, 225.9
124.43,39.96, 226.0
124.68,39.95, 226.4
124.75,39.94, 226.6
124.92,39.93, 226.8
125.07,39.92, 227.1
125.11,39.91, 227.2
125.31,39.90, 227.5
125.41,39.89, 227.6
125.56,39.88, 227.9
125.68,39.87, 228.1
125.80,39.86, 228.3
125.86,39.85, 228.4
125.99,39.84, 228.6
126.15,39.83, 228.9
126.28,39.82, 229.1
126.43,39.81, 229.3
126.48,39.80, 229.4
126.61,39.79, 229.6
126.69,39.78, 229.8
126.82,39.77, 230.0
126.92,39.76, 230.1
127.03,39.75, 230.3
127.15,39.74, 230.5
127.21,39.73, 230.6
127.32,39.72, 230.8
127.42,39.71, 230.9
127.51,39.70, 231.1
127.63,39.69, 231.3
127.74,39.68, 231.5
127.82,39.67, 231.6
127.90,39.66, 231.7
128.00,39.65, 231.9
128.05,39.64, 232.0
128.15,39.63, 232.1
128.26,39.62, 232.3
128.34,39.61, 232.4
128.40,39.60, 232.5
128.49,39.59, 232.7
128.58,39.58, 232.8
128.66,39.57, 233.0
128.75,39.56, 233.1
128.81,39.55, 233.2
128.91,39.54, 233.4
128.94,39.53, 233.4
129.03,39.52, 233.6
129.11,39.51, 233.7
129.18,39.50, 233.8
129.25,39.49, 233.9
129.33,39.48, 234.0
129.41,39.47, 234.2
129.46,39.46, 234.2
129.53,39.45, 234.4
129.57,39.44, 234.4
129.67,39.43, 234.6
129.70,39.42, 234.6
129.76,39.41, 234.7
129.84,39.40, 234.9
129.88,39.39, 234.9
129.96,39.38, 235.1
129.99,39.37, 235.1
130.06,39.36, 235.2
130.13,39.35, 235.3
130.17,39.34, 235.4
130.21,39.33, 235.5
130.25,39.32, 235.5
130.32,39.31, 235.6
130.38,39.30, 235.7
130.43,39.29, 235.8
130.47,39.28, 235.9
130.53,39.27, 236.0
130.57,39.26, 236.0
130.63,39.25, 236.1
130.67,39.24, 236.2
130.71,39.23, 236.3
130.75,39.22, 236.3
130.80,39.21, 236.4
130.85,39.20, 236.5
130.87,39.19, 236.5
130.94,39.18, 236.6
130.96,39.17, 236.7
131.00,39.16, 236.7
131.04,39.15, 236.8
131.09,39.14, 236.9
131.12,39.13, 236.9
131.14,39.12, 236.9
131.18,39.11, 237.0
131.21,39.10, 237.1
131.26,39.09, 237.1
131.28,39.08, 237.2
131.32,39.07, 237.2
131.34,39.06, 237.3
131.39,39.05, 237.3
131.41,39.04, 237.4
131.44,39.03, 237.4
131.48,39.02, 237.5
131.50,39.01, 237.5
131.55,39.00, 237.6
131.57,38.99, 237.6
131.58,38.98, 237.6
131.63,38.97, 237.7
131.65,38.96, 237.7
131.67,38.95, 237.8
131.70,38.94, 237.8
131.73,38.93, 237.9
131.74,38.92, 237.9
131.77,38.91, 237.9
131.80,38.90, 238.0
131.82,38.89, 238.0
131.86,38.88, 238.1
131.89,38.87, 238.1
131.92,38.86, 238.2
131.93,38.85, 238.2
131.97,38.84, 238.2
131.98,38.83, 238.3
132.01,38.82, 238.3
132.02,38.81, 238.3
132.03,38.80, 238.3
132.07,38.79, 238.4
132.09,38.78, 238.4
132.11,38.77, 238.5
132.13,38.76, 238.5
132.16,38.75, 238.5
132.18,38.74, 238.6
132.20,38.73, 238.6
132.22,38.72, 238.6
132.23,38.71, 238.7
132.26,38.70, 238.7
132.29,38.69, 238.7
132.31,38.68, 238.8
132.32,38.67, 238.8
132.34,38.66, 238.8
132.36,38.65, 238.8
132.39,38.64, 238.9
132.40,38.63, 238.9
132.41,38.62, 238.9
132.43,38.61, 239.0
132.45,38.60, 239.0
132.47,38.59, 239.0
132.48,38.58, 239.0
132.50,38.57, 239.1
132.52,38.56, 239.1
132.53,38.55, 239.1
132.55,38.54, 239.1
132.57,38.53, 239.2
132.59,38.52, 239.2
132.61,38.51, 239.2
132.62,38.50, 239.3
132.64,38.49, 239.3
132.66,38.48, 239.3
132.67,38.47, 239.3
132.69,38.46, 239.4
132.71,38.45, 239.4
132.72,38.44, 239.4
132.73,38.43, 239.4
132.75,38.42, 239.4
132.77,38.41, 239.5
132.78,38.40, 239.5
132.80,38.39, 239.5
132.82,38.38, 239.6
132.84,38.37, 239.6
132.84,38.36, 239.6
132.85,38.35, 239.6
132.87,38.34, 239.6
132.88,38.33, 239.7
132.90,38.32, 239.7
132.91,38.31, 239.7
132.92,38.30, 239.7
132.94,38.29, 239.7
132.95,38.28, 239.8
132.96,38.27, 239.8
132.98,38.26, 239.8
133.00,38.25, 239.8
133.01,38.24, 239.8
133.03,38.23, 239.9
133.04,38.22, 239.9
133.05,38.21, 239.9
133.06,38.20, 239.9
133.08,38.19, 240.0
133.09,38.18, 240.0
133.11,38.17, 240.0
133.12,38.16, 240.0
133.14,38.14, 240.0
133.16,38.13, 240.1
133.17,38.12, 240.1
133.18,38.11, 240.1
133.20,38.10, 240.1
133.21,38.09, 240.1
133.23,38.08, 240.2
133.24,38.07, 240.2
133.25,38.06, 240.2
133.26,38.05, 240.2
133.28,38.03, 240.2
133.29,38.02, 240.3
133.30,38.01, 240.3
133.32,38.00, 240.3
133.34,37.99, 240.3
133.35,37.98, 240.4
133.36,37.96, 240.4
133.38,37.95, 240.4
133.39,37.94, 240.4
133.40,37.93, 240.4
133.42,37.92, 240.5
133.43,37.91, 240.5
133.45,37.90, 240.5
133.46,37.89, 240.5
133.47,37.88, 240.5
133.48,37.87, 240.6
133.49,37.86, 240.6
133.51,37.85, 240.6
133.52,37.84, 240.6
133.53,37.83, 240.6
133.55,37.82, 240.7
133.56,37.81, 240.7
133.57,37.80, 240.7
133.59,37.79, 240.7
133.60,37.78, 240.7
133.61,37.77, 240.7
133.63,37.76, 240.8
133.64,37.75, 240.8
133.65,37.74, 240.8
133.67,37.73, 240.8
133.69,37.72, 240.9
133.70,37.70, 240.9
133.71,37.69, 240.9
133.72,37.68, 240.9
133.74,37.67, 240.9
133.76,37.66, 241.0
133.77,37.65, 241.0
133.78,37.64, 241.0
133.79,37.63, 241.0
133.80,37.62, 241.0
133.82,37.61, 241.1
133.83,37.60, 241.1
133.84,37.59, 241.1
133.86,37.58, 241.1
133.87,37.57, 241.1
133.88,37.56, 241.1
133.90,37.54, 241.2
133.92,37.53, 241.2
133.93,37.52, 241.2
133.95,37.51, 241.2
133.96,37.50, 241.3
133.97,37.49, 241.3
133.99,37.48, 241.3
134.00,37.47, 241.3
134.01,37.46, 241.3
134.02,37.45, 241.3
134.03,37.44, 241.4
134.05,37.43, 241.4
134.06,37.42, 241.4
134.07,37.41, 241.4
134.08,37.40, 241.4
134.10,37.39, 241.5
134.11,37.38, 241.5
134.12,37.37, 241.5
134.14,37.36, 241.5
134.15,37.35, 241.5
134.15,37.34, 241.5
134.16,37.33, 241.6
134.17,37.32, 241.6
134.19,37.31, 241.6
134.20,37.30, 241.6
134.21,37.29, 241.6
134.23,37.28, 241.6
134.24,37.26, 241.7
134.26,37.25, 241.7
134.27,37.24, 241.7
134.28,37.23, 241.7
134.29,37.22, 241.7
134.30,37.21, 241.7
134.32,37.20, 241.8
134.33,37.19, 241.8
134.34,37.18, 241.8
134.35,37.17, 241.8
134.37,37.15, 241.8
134.38,37.14, 241.9
134.40,37.13, 241.9
134.41,37.12, 241.9
134.42,37.11, 241.9
134.43,37.10, 241.9
134.44,37.09, 241.9
134.46,37.08, 242.0
134.47,37.07, 242.0
134.48,37.06, 242.0
134.49,37.05, 242.0
134.50,37.04, 242.0
134.51,37.03, 242.0
134.52,37.02, 242.1
134.53,37.01, 242.1
134.54,37.00, 242.1
134.56,36.99, 242.1
134.57,36.97, 242.1
134.59,36.96, 242.2
134.60,36.95, 242.2
134.61,36.94, 242.2
134.62,36.93, 242.2
134.63,36.92, 242.2
134.64,36.91, 242.2
134.65,36.90, 242.2
134.66,36.89, 242.3
134.67,36.88, 242.3
134.68,36.87, 242.3
134.69,36.86, 242.3
134.70,36.85, 242.3
134.71,36.84, 242.3
134.71,36.83, 242.3
134.72,36.82, 242.4
134.73,36.81, 242.4
134.75,36.80, 242.4
134.76,36.79, 242.4
134.77,36.78, 242.4
134.78,36.77, 242.4
134.79,36.76, 242.4
134.80,36.75, 242.5
134.81,36.74, 242.5
134.82,36.73, 242.5
134.83,36.72, 242.5
134.84,36.71, 242.5
134.85,36.70, 242.5
134.86,36.69, 242.5
134.87,36.68, 242.6
134.88,36.67, 242.6
134.89,36.66, 242.6
134.91,36.64, 242.6
134.92,36.63, 242.6
134.94,36.61, 242.7
134.95,36.60, 242.7
134.96,36.59, 242.7
134.97,36.58, 242.7
134.98,36.57, 242.7
134.99,36.56, 242.7
135.00,36.55, 242.7
135.01,36.54, 242.7
135.02,36.53, 242.8
135.03,36.51, 242.8
135.05,36.50, 242.8
135.06,36.49, 242.8
135.07,36.48, 242.8
135.08,36.47, 242.8
135.09,36.46, 242.9
135.10,36.45, 242.9
135.11,36.44, 242.9
135.12,36.43, 242.9
135.13,36.42, 242.9
135.14,36.41, 242.9
135.15,36.40, 242.9
135.16,36.38, 243.0
135.18,36.36, 243.0
135.19,36.35, 243.0
135.20,36.34, 243.0
135.21,36.33, 243.0
135.22,36.32, 243.0
135.23,36.30, 243.1
135.24,36.29, 243.1
135.26,36.28, 243.1
135.27,36.27, 243.1
135.28,36.25, 243.1
135.29,36.24, 243.1
135.30,36.23, 243.1
135.31,36.22, 243.2
135.32,36.21, 243.2
135.33,36.20, 243.2
135.34,36.19, 243.2
135.35,36.18, 243.2
135.36,36.17, 243.2
135.37,36.16, 243.2
135.38,36.15, 243.3
135.39,36.13, 243.3
135.41,36.11, 243.3
135.42,36.10, 243.3
135.43,36.09, 243.3
135.44,36.08, 243.3
135.45,36.07, 243.3
135.46,36.06, 243.4
135.47,36.04, 243.4
135.49,36.02, 243.4
135.50,36.01, 243.4
135.51,36.00, 243.4
135.52,35.99, 243.4
135.53,35.97, 243.5
135.55,35.96, 243.5
135.56,35.94, 243.5
135.58,35.92, 243.5
135.59,35.90, 243.5
135.60,35.89, 243.6
135.61,35.87, 243.6
135.63,35.85, 243.6
135.64,35.84, 243.6
135.65,35.83, 243.6
135.66,35.82, 243.6
135.67,35.81, 243.6
135.69,35.79, 243.7
135.70,35.78, 243.7
135.70,35.77, 243.7
135.72,35.76, 243.7
135.73,35.74, 243.7
135.75,35.73, 243.7
135.76,35.71, 243.8
135.76,35.70, 243.8
135.77,35.69, 243.8
135.78,35.68, 243.8
135.79,35.67, 243.8
135.80,35.65, 243.8
135.82,35.64, 243.8
135.83,35.63, 243.9
135.84,35.61, 243.9
135.85,35.60, 243.9
135.87,35.59, 243.9
135.88,35.57, 243.9
135.89,35.56, 243.9
135.90,35.55, 243.9
135.92,35.53, 244.0
135.93,35.52, 244.0
135.95,35.50, 244.0
135.97,35.48, 244.0
135.98,35.47, 244.0
135.99,35.46, 244.1
136.00,35.45, 244.1
136.01,35.44, 244.1
136.02,35.43, 244.1
136.03,35.42, 244.1
136.04,35.41, 244.1
136.05,35.39, 244.1
136.06,35.38, 244.1
136.07,35.37, 244.2
136.08,35.36, 244.2
136.09,35.35, 244.2
136.10,35.34, 244.2
136.11,35.33, 244.2
136.12,35.31, 244.2
136.13,35.30, 244.2
136.14,35.29, 244.3
136.16,35.27, 244.3
136.17,35.26, 244.3
136.19,35.24, 244.3
136.20,35.23, 244.3
136.21,35.22, 244.4
136.22,35.21, 244.4
136.23,35.20, 244.4
136.24,35.19, 244.4
136.25,35.18, 244.4
136.26,35.17, 244.4
136.27,35.16, 244.4
136.28,35.15, 244.4
136.29,35.14, 244.4
136.30,35.13, 244.5
136.31,35.12, 244.5
136.32,35.11, 244.5
136.33,35.10, 244.5
136.34,35.09, 244.5
136.35,35.08, 244.5
136.36,35.07, 244.5
136.37,35.06, 244.6
136.38,35.05, 244.6
136.39,35.04, 244.6
136.40,35.03, 244.6
136.41,35.02, 244.6
136.42,35.01, 244.6
136.43,35.00, 244.6
136.44,34.99, 244.6
discharge reached: 244.6 watt hours consumed
